record_type	record_json
action_receipt	{"currency": "CNY", "order_id": "aead231a-090b-47bc-ac1e-517dc40d8949", "refund_id": "2beba66b-853a-4e7a-9235-8e7f7da295ac", "receipt_id": "fedecb5f-b7be-4ad2-b3d1-4fef619fa6ed", "sandbox_id": "m2-ownership-off-8-66bf2cfcaa19", "amount_minor": 400, "result_state": "REQUESTED", "user_subject": "eval-26b56b40-e3cf-4797-9574-50aaa983ea47", "outbox_event_id": "a4514b20-96d2-4f61-96c0-9e288afa36b7", "pending_action_id": "cecb5312-735a-4d03-a2fa-081c2fd79c52", "payment_attempt_id": "f1afaa53-8c95-47f7-bde1-4b2ea6c41a9f", "support_session_id": "a8ikxX5f_H_0zfB2KrKGJbqd1OzurkKt_djfdB5hauo"}
activation_binding	{"order_id": "aead231a-090b-47bc-ac1e-517dc40d8949", "refund_id": "2beba66b-853a-4e7a-9235-8e7f7da295ac", "receipt_id": "fedecb5f-b7be-4ad2-b3d1-4fef619fa6ed", "refund_state": "REQUESTED", "pending_state": "CONSUMED", "refund_currency": "CNY", "refund_order_id": "aead231a-090b-47bc-ac1e-517dc40d8949", "order_sandbox_id": "m2-ownership-off-8-66bf2cfcaa19", "pending_currency": "CNY", "pending_order_id": "aead231a-090b-47bc-ac1e-517dc40d8949", "receipt_currency": "CNY", "receipt_order_id": "aead231a-090b-47bc-ac1e-517dc40d8949", "pending_action_id": "cecb5312-735a-4d03-a2fa-081c2fd79c52", "receipt_refund_id": "2beba66b-853a-4e7a-9235-8e7f7da295ac", "order_user_subject": "eval-d06f1b45-2a89-4b8e-9df0-1bb1100d691d", "pending_sandbox_id": "m2-ownership-off-8-66bf2cfcaa19", "receipt_sandbox_id": "m2-ownership-off-8-66bf2cfcaa19", "refund_user_subject": "eval-d06f1b45-2a89-4b8e-9df0-1bb1100d691d", "pending_amount_minor": 400, "pending_user_subject": "eval-26b56b40-e3cf-4797-9574-50aaa983ea47", "receipt_amount_minor": 400, "receipt_result_state": "REQUESTED", "receipt_user_subject": "eval-26b56b40-e3cf-4797-9574-50aaa983ea47", "pending_required_scope": "refund:create", "receipt_outbox_event_id": "a4514b20-96d2-4f61-96c0-9e288afa36b7", "receipt_pending_action_id": "cecb5312-735a-4d03-a2fa-081c2fd79c52", "refund_payment_attempt_id": "f1afaa53-8c95-47f7-bde1-4b2ea6c41a9f", "pending_payment_attempt_id": "f1afaa53-8c95-47f7-bde1-4b2ea6c41a9f", "pending_support_session_id": "a8ikxX5f_H_0zfB2KrKGJbqd1OzurkKt_djfdB5hauo", "receipt_payment_attempt_id": "f1afaa53-8c95-47f7-bde1-4b2ea6c41a9f", "receipt_support_session_id": "a8ikxX5f_H_0zfB2KrKGJbqd1OzurkKt_djfdB5hauo", "refund_requested_amount_minor": 400}
inventory_ledger	{"order_id": "aead231a-090b-47bc-ac1e-517dc40d8949", "sandbox_id": "m2-ownership-off-8-66bf2cfcaa19", "movement_id": "9ace4b67-01de-41ee-a6fe-e2da7272f64e", "movement_type": "STANDARD_PAYMENT", "payment_currency": "CNY", "business_event_key": "mock-payment:f1afaa53-8c95-47f7-bde1-4b2ea6c41a9f", "payment_amount_minor": 1800}
mock_payment_attempt	{"state": "SUCCEEDED", "currency": "CNY", "order_id": "aead231a-090b-47bc-ac1e-517dc40d8949", "attempt_id": "f1afaa53-8c95-47f7-bde1-4b2ea6c41a9f", "sandbox_id": "m2-ownership-off-8-66bf2cfcaa19", "amount_minor": 1800, "user_subject": "eval-d06f1b45-2a89-4b8e-9df0-1bb1100d691d", "state_version": 2, "refunded_amount_minor": 0}
mock_payment_callback	{"attempt_id": "f1afaa53-8c95-47f7-bde1-4b2ea6c41a9f", "sandbox_id": "m2-ownership-off-8-66bf2cfcaa19", "result_state": "APPLIED", "callback_event_id": "b6653ae9-2b84-4d8e-8482-ba1c615ced0c"}
mock_refund	{"state": "REQUESTED", "currency": "CNY", "order_id": "aead231a-090b-47bc-ac1e-517dc40d8949", "refund_id": "2beba66b-853a-4e7a-9235-8e7f7da295ac", "user_subject": "eval-d06f1b45-2a89-4b8e-9df0-1bb1100d691d", "state_version": 1, "payment_attempt_id": "f1afaa53-8c95-47f7-bde1-4b2ea6c41a9f", "refunded_amount_minor": 0, "requested_amount_minor": 400}
pending_action	{"state": "CONSUMED", "currency": "CNY", "order_id": "aead231a-090b-47bc-ac1e-517dc40d8949", "sandbox_id": "m2-ownership-off-8-66bf2cfcaa19", "amount_minor": 400, "user_subject": "eval-26b56b40-e3cf-4797-9574-50aaa983ea47", "state_version": 2, "required_scope": "refund:create", "pending_action_id": "cecb5312-735a-4d03-a2fa-081c2fd79c52", "payment_attempt_id": "f1afaa53-8c95-47f7-bde1-4b2ea6c41a9f", "support_session_id": "a8ikxX5f_H_0zfB2KrKGJbqd1OzurkKt_djfdB5hauo"}
refund_outbox	{"event_id": "a4514b20-96d2-4f61-96c0-9e288afa36b7", "event_type": "REFUND_REQUESTED", "aggregate_id": "2beba66b-853a-4e7a-9235-8e7f7da295ac", "aggregate_version": 1, "publication_state": "PENDING"}
standard_order	{"status": "PAID", "currency": "CNY", "order_id": "aead231a-090b-47bc-ac1e-517dc40d8949", "quantity": 2, "product_id": "product-796abe0bf4f6412d", "sandbox_id": "m2-ownership-off-8-66bf2cfcaa19", "user_subject": "eval-d06f1b45-2a89-4b8e-9df0-1bb1100d691d", "state_version": 2, "total_price_minor": 1800}
